model,size,bezel,material,ref
Oyster Perpetual 28,28,Dome,Oystersteel,276200
Oyster Perpetual 28,28,Dome,Everrose gold,276205
Oyster Perpetual 28,28,Dome,Yellow gold,276208
Oyster Perpetual 28,28,取巻ダイヤ,Everrose gold,276245RBR
Oyster Perpetual 28,28,取巻ダイヤ,Yellow gold,276248RBR
Oyster Perpetual 31,31,Dome,Oystersteel,277200
Oyster Perpetual 31,31,Dome,Yellow Rolesor,277203
Oyster Perpetual 34,34,Dome,Oystersteel,124200
Oyster Perpetual 34,34,Dome,Everrose gold,124205
Oyster Perpetual 34,34,Dome,Yellow gold,124208
Oyster Perpetual 34,34,取巻ダイヤ,Everrose gold,124245RBR
Oyster Perpetual 34,34,取巻ダイヤ,Yellow gold,124248RBR
Oyster Perpetual 36,36,Dome,Oystersteel,126000
Oyster Perpetual 36,36,Dome,Yellow Rolesor,126003
Oyster Perpetual 41,41,Dome,Oystersteel,134300
Oyster Perpetual 41,41,Dome,Yellow Rolesor,134303
Lady-Datejust,28,Dome,Oystersteel,279160
Lady-Datejust,28,Dome,Everrose Rolesor,279161
Lady-Datejust,28,Dome,Yellow Rolesor,279163
Lady-Datejust,28,Fluted,Everrose Rolesor,279171
Lady-Datejust,28,Fluted,Yellow Rolesor,279173
Lady-Datejust,28,Fluted,White Rolesor,279174
Lady-Datejust,28,Fluted,Everrose gold,279175
Lady-Datejust,28,Fluted,Yellow gold,279178
Lady-Datejust,28,取巻ダイヤ,Everrose Rolesor,279381RBR
Lady-Datejust,28,取巻ダイヤ,Yellow Rolesor,279383RBR
Lady-Datejust,28,取巻ダイヤ,White Rolesor,279384RBR
Lady-Datejust,28,取巻ダイヤ,Everrose gold,279135RBR
Lady-Datejust,28,取巻ダイヤ,Yellow gold,279138RBR
Lady-Datejust,28,取巻ダイヤ,White gold,279139RBR
Lady-Datejust,28,44+158+596ダイヤ,Yellow gold,279458RBR
Lady-Datejust,28,44+158+596ダイヤ,White gold,279459RBR
Datejust 31,31,Dome,Oystersteel,278240
Datejust 31,31,Dome,Everrose Rolesor,278241
Datejust 31,31,Dome,Yellow Rolesor,278243
Datejust 31,31,Fluted,Everrose Rolesor,278271
Datejust 31,31,Fluted,Yellow Rolesor,278273
Datejust 31,31,Fluted,White Rolesor,278274
Datejust 31,31,Fluted,Everrose gold,278275
Datejust 31,31,Fluted,Yellow gold,278278
Datejust 31,31,粒々ダイヤ（24P）,Everrose Rolesor,278341RBR
Datejust 31,31,粒々ダイヤ（24P）,Yellow Rolesor,278343RBR
Datejust 31,31,粒々ダイヤ（24P）,White Rolesor,278344RBR
Datejust 31,31,取巻ダイヤ,Everrose Rolesor,278381RBR
Datejust 31,31,取巻ダイヤ,Yellow Rolesor,278383RBR
Datejust 31,31,取巻ダイヤ,White Rolesor,278384RBR
Datejust 31,31,取巻ダイヤ,Everrose gold,278285RBR
Datejust 31,31,取巻ダイヤ,Yellow gold,278288RBR
Datejust 31,31,取巻ダイヤ,White gold,278289RBR
Datejust 36,36,Dome,Oystersteel,126200
Datejust 36,36,Dome,Everrose Rolesor,126201
Datejust 36,36,Dome,Yellow Rolesor,126203
Datejust 36,36,Fluted,Everrose Rolesor,126231
Datejust 36,36,Fluted,Yellow Rolesor,126233
Datejust 36,36,Fluted,White Rolesor,126234
Datejust 36,36,取巻ダイヤ,Everrose Rolesor,126281RBR
Datejust 36,36,取巻ダイヤ,Yellow Rolesor,126283RBR
Datejust 36,36,取巻ダイヤ,White Rolesor,126284RBR
Datejust 41,41,Smooth,Oystersteel,126300
Datejust 41,41,Smooth,Everrose Rolesor,126301
Datejust 41,41,Smooth,Yellow Rolesor,126303
Datejust 41,41,Fluted,Everrose Rolesor,126331
Datejust 41,41,Fluted,Yellow Rolesor,126333
Datejust 41,41,Fluted,White Rolesor,126334
Day-Date 36,36,Fluted,Everrose gold,128235
Day-Date 36,36,Fluted,Platinum,128236
Day-Date 36,36,Fluted,Yellow gold,128238
Day-Date 36,36,Fluted,White gold,128239
Day-Date 36,36,取巻ダイヤ（RBR）,Everrose gold,128345RBR
Day-Date 36,36,取巻ダイヤ（RBR）,Yellow gold,128348RBR
Day-Date 36,36,取巻ダイヤ（RBR）,White gold,128349RBR
Day-Date 36,36,取巻ダイヤ（TBR）,Everrose gold,128395TBR
Day-Date 36,36,取巻ダイヤ（TBR）,Platinum,128396TBR
Day-Date 36,36,取巻ダイヤ（TBR）,Yellow gold,128398TBR
Day-Date 36,36,取巻ダイヤ（TBR）,White gold,128399TBR
Day-Date 40,40,Fluted,Everrose gold,228235
Day-Date 40,40,Fluted,Jubilee gold,228235JG
Day-Date 40,40,Fluted,Platinum,228236
Day-Date 40,40,Fluted,Yellow gold,228238
Day-Date 40,40,Fluted,White gold,228239
Day-Date 40,40,取巻ダイヤ（RBR）,Everrose gold,228345RBR
Day-Date 40,40,取巻ダイヤ（RBR）,Yellow gold,228348RBR
Day-Date 40,40,取巻ダイヤ（RBR）,White gold,228349RBR
Day-Date 40,40,取巻ダイヤ（TBR）,Platinum,228396TBR
Day-Date 40,40,取巻ダイヤ（TBR）,Yellow gold,228398TBR
Sky-Dweller,42,Oyster,Yellow Rolesor,336933
Sky-Dweller,42,Oyster,White Rolesor,336934
Sky-Dweller,42,Oyster,Everrose gold,336935
Sky-Dweller,42,Oyster,Yellow gold,336938
Sky-Dweller,42,Oysterflex,Everrose gold,336235
Sky-Dweller,42,Oysterflex,Yellow gold,336238
Sky-Dweller,42,Oysterflex,White gold,336239
Land-Dweller 36,36,Fluted,White Rolesor,127234
Land-Dweller 36,36,Fluted,Everrose gold,127235
Land-Dweller 36,36,Fluted,Platinum,127236
Land-Dweller 36,36,取巻ダイヤ,Everrose gold,127285TBR
Land-Dweller 36,36,取巻ダイヤ,Platinum,127286TBR
Land-Dweller 40,40,Fluted,White Rolesor,127334
Land-Dweller 40,40,Fluted,Everrose gold,127335
Land-Dweller 40,40,Fluted,Platinum,127336
Land-Dweller 40,40,取巻ダイヤ,Everrose gold,127385TBR
Land-Dweller 40,40,取巻ダイヤ,Platinum,127386TBR
Air-King,40,Smooth,Oystersteel,126900
Explorer 36,36,Smooth,Oystersteel,124270
Explorer 36,36,Smooth,Yellow Rolesor,124273
Explorer 40,40,Smooth,Oystersteel,224270
Explorer Ⅱ,42,24hr,Oystersteel,226570
GMT-Master Ⅱ,40,Green and black,Oystersteel,126720VTNR
GMT-Master Ⅱ,40,Green and black,White gold,126729VTNR
GMT-Master Ⅱ,40,Blue and black,Oystersteel,126710BLNR
GMT-Master Ⅱ,40,Brown and black,Everrose Rolesor,126711CHNR
GMT-Master Ⅱ,40,Brown and black,Everrose gold,126715CHNR
GMT-Master Ⅱ,40,Grey and black,Oystersteel,126710GRNR
GMT-Master Ⅱ,40,Grey and black,Yellow Rolesor,126713GRNR
GMT-Master Ⅱ,40,Grey and black,Yellow gold,126718GRNR
Submariner,41,Black,Oystersteel,124060
Submariner Date,41,Black,Oystersteel,126610LN
Submariner Date,41,Black,Yellow Rolesor,126613LN
Submariner Date,41,Black,Yellow gold,126618LN
Submariner Date,41,Green,Oystersteel,126610LV
Submariner Date,41,Blue,Yellow Rolesor,126613LB
Submariner Date,41,Blue,Yellow gold,126618LB
Sea-Dweller,43,Black,Oystersteel,126600
Sea-Dweller,43,Black,Yellow Rolesor,126603
Rolex Deepsea,44,Black,Oystersteel,136660
Rolex Deepsea,44,Blue,Yellow gold,136668LB
Deepsea Challenge,50,Black,RLX titanium,126067
Yacht-Master 37,37,Oyster,Everrose Rolesor,268621
Yacht-Master 37,37,Oyster,Rolesium,268622
Yacht-Master 37,37,Oysterflex,Everrose gold,268655
Yacht-Master 40,40,Oyster,Everrose Rolesor,126621
Yacht-Master 40,40,Oyster,Rolesium,126622
Yacht-Master 40,40,Oysterflex,Everrose gold,126655
Yacht-Master 42,42,Oyster,RLX titanium,226627
Yacht-Master 42,42,Oysterflex,Yellow gold,226658
Yacht-Master 42,42,Oysterflex,White gold,226659
Yacht-Master Ⅱ,44,Blue,Oystersteel,126680
Yacht-Master Ⅱ,44,Blue,Yellow gold,126688
Cosmograph Daytona,40,Oyster,Oystersteel,126500LN
Cosmograph Daytona,40,Oyster,Yellow Rolesor,126503
Cosmograph Daytona,40,Oyster,Everrose gold,126505
Cosmograph Daytona,40,Oyster,Platinum,126506
Cosmograph Daytona,40,Oyster,Yellow gold,126508
Cosmograph Daytona,40,Oyster,White gold,126509
Cosmograph Daytona,40,Oysterflex,Everrose gold,126515LN
Cosmograph Daytona,40,Oysterflex,Yellow gold,126518LN
Cosmograph Daytona,40,Oysterflex,White gold,126519LN
1908,39,Settimo,Yellow gold,52508
1908,39,Leather,Platinum,52506
1908,39,Leather,Yellow gold,52508
1908,39,Leather,White gold,52509
